threshold	fdr
0.001	0.13815438424618026
0.000999	0.13815438424618026
0.0009980000000000002	0.13887920529691353
0.0009970000000000003	0.13887920529691353
0.0009960000000000004	0.13887920529691353
0.0009950000000000004	0.13887920529691353
0.0009940000000000005	0.13887920529691353
0.0009930000000000006	0.13887920529691353
0.0009920000000000007	0.13887920529691353
0.0009910000000000008	0.13901310504594078
0.0009900000000000009	0.13901310504594078
0.000989000000000001	0.13901310504594078
0.000988000000000001	0.13901310504594078
0.0009870000000000011	0.13901310504594078
0.0009860000000000012	0.13901310504594078
0.0009850000000000013	0.13901310504594078
0.0009840000000000014	0.13901310504594078
0.0009830000000000015	0.1390050881425356
0.0009820000000000015	0.1390050881425356
0.0009810000000000016	0.1390050881425356
0.0009800000000000017	0.13275992038989498
0.0009790000000000018	0.13275992038989498
0.0009780000000000019	0.13275992038989498
0.000977000000000002	0.13275992038989498
0.000976000000000002	0.13275992038989498
0.0009750000000000021	0.13275992038989498
0.0009740000000000022	0.13275992038989498
0.0009730000000000023	0.13275992038989498
0.0009720000000000024	0.13275992038989498
0.0009710000000000025	0.13275992038989498
0.0009700000000000025	0.13276060124375128
0.0009690000000000026	0.13276060124375128
0.0009680000000000027	0.13230898003581662
0.0009670000000000028	0.13235558961383068
0.0009660000000000029	0.13235558961383068
0.000965000000000003	0.13235558961383068
0.000964000000000003	0.13235558961383068
0.0009630000000000031	0.13235558961383068
0.0009620000000000032	0.13235558961383068
0.0009610000000000033	0.13235558961383068
0.0009600000000000034	0.13235558961383068
0.0009590000000000035	0.13235558961383068
0.0009580000000000036	0.13235558961383068
0.0009570000000000036	0.13235558961383068
0.0009560000000000037	0.13262661953241547
0.0009550000000000038	0.13262661953241547
0.0009540000000000039	0.13262126207166805
0.000953000000000004	0.13262194385077175
0.0009520000000000041	0.13262194385077175
0.0009510000000000041	0.18947239676638022
0.0009500000000000042	0.18949837641991538
0.0009490000000000043	0.18949837641991538
0.0009480000000000044	0.18949837641991538
0.0009470000000000045	0.18949837641991538
0.0009460000000000046	0.18942228913741652
0.0009450000000000046	0.18942228913741652
0.0009440000000000047	0.18942228913741652
0.0009430000000000048	0.18942228913741652
0.0009420000000000049	0.18942228913741652
0.000941000000000005	0.18942228913741652
0.0009400000000000051	0.18942228913741652
0.0009390000000000052	0.18942228913741652
0.0009380000000000052	0.18942228913741652
0.0009370000000000053	0.18942414435891394
0.0009360000000000054	0.18942414435891394
0.0009350000000000055	0.18942414435891394
0.0009340000000000056	0.18942414435891394
0.0009330000000000057	0.18942414435891394
0.0009320000000000057	0.18942414435891394
0.0009310000000000058	0.18942414435891394
0.0009300000000000059	0.18942414435891394
0.000929000000000006	0.18942414435891394
0.0009280000000000061	0.1894394513229957
0.0009270000000000062	0.18943179550245687
0.0009260000000000062	0.18943179550245687
0.0009250000000000063	0.18943179550245687
0.0009240000000000064	0.18943179550245687
0.0009230000000000065	0.18943179550245687
0.0009220000000000066	0.18943179550245687
0.0009210000000000067	0.18943179550245687
0.0009200000000000067	0.18943179550245687
0.0009190000000000068	0.18943828985094435
0.0009180000000000069	0.18943828985094435
0.000917000000000007	0.18936172902088758
0.0009160000000000071	0.18936172902088758
0.0009150000000000072	0.18936172902088758
0.0009140000000000073	0.18936172902088758
0.0009130000000000073	0.18936172902088758
0.0009120000000000074	0.18936172902088758
0.0009110000000000075	0.18936172902088758
0.0009100000000000076	0.18936172902088758
0.0009090000000000077	0.18936172902088758
0.0009080000000000078	0.18936172902088758
0.0009070000000000078	0.18936172902088758
0.0009060000000000079	0.18936172902088758
0.000905000000000008	0.18936172902088758
0.0009040000000000081	0.18936172902088758
0.0009030000000000082	0.18936172902088758
0.0009020000000000083	0.18935024489637908
0.0009010000000000083	0.18935024489637908
0.0009000000000000084	0.18935024489637908
0.0008990000000000085	0.18935024489637908
0.0008980000000000086	0.18935024489637908
0.0008970000000000087	0.1893507085798476
0.0008960000000000088	0.1893507085798476
0.0008950000000000089	0.1893507085798476
0.0008940000000000089	0.1893507085798476
0.000893000000000009	0.190697016130037
0.0008920000000000091	0.190697016130037
0.0008910000000000092	0.19069316086123284
0.0008900000000000093	0.19069316086123284
0.0008890000000000094	0.19069316086123284
0.0008880000000000094	0.19069316086123284
0.0008870000000000095	0.19069316086123284
0.0008860000000000096	0.19040016043211505
0.0008850000000000097	0.19040016043211505
0.0008840000000000098	0.19040016043211505
0.0008830000000000099	0.19040016043211505
0.00088200000000001	0.19040156915147208
0.00088100000000001	0.19040156915147208
0.0008800000000000101	0.19040156915147208
0.0008790000000000102	0.19040156915147208
0.0008780000000000103	0.19040156915147208
0.0008770000000000104	0.19040156915147208
0.0008760000000000105	0.19040156915147208
0.0008750000000000105	0.19040156915147208
0.0008740000000000106	0.19040156915147208
0.0008730000000000107	0.19040156915147208
0.0008720000000000108	0.19040156915147208
0.0008710000000000109	0.19040156915147208
0.000870000000000011	0.19040626503321653
0.000869000000000011	0.19040626503321653
0.0008680000000000111	0.19039855424839325
0.0008670000000000112	0.19039855424839325
0.0008660000000000113	0.19039855424839325
0.0008650000000000114	0.19039855424839325
0.0008640000000000115	0.19039855424839325
0.0008630000000000115	0.19039855424839325
0.0008620000000000116	0.19039855424839325
0.0008610000000000117	0.19039855424839325
0.0008600000000000118	0.19039855424839325
0.0008590000000000119	0.19035228953945368
0.000858000000000012	0.19035228953945368
0.000857000000000012	0.19035228953945368
0.0008560000000000121	0.19035228953945368
0.0008550000000000122	0.19035228953945368
0.0008540000000000123	0.19065887478444263
0.0008530000000000124	0.1907710339939803
0.0008520000000000125	0.1907710339939803
0.0008510000000000126	0.1907710339939803
0.0008500000000000126	0.19073625913108064
0.0008490000000000127	0.19073625913108064
0.0008480000000000128	0.19073673058070206
0.0008470000000000129	0.19073673058070206
0.000846000000000013	0.1907499321163896
0.0008450000000000131	0.19076643660606746
0.0008440000000000131	0.19076643660606746
0.0008430000000000132	0.19076643660606746
0.0008420000000000133	0.19076643660606746
0.0008410000000000134	0.18904287630450547
0.0008400000000000135	0.18904287630450547
0.0008390000000000136	0.18904287630450547
0.0008380000000000136	0.18904287630450547
0.0008370000000000137	0.18904287630450547
0.0008360000000000138	0.18904287630450547
0.0008350000000000139	0.18903901181952437
0.000834000000000014	0.18903901181952437
0.0008330000000000141	0.18904041381166162
0.0008320000000000142	0.18904041381166162
0.0008310000000000142	0.1890365492980199
0.0008300000000000143	0.1890365492980199
0.0008290000000000144	0.18828683365152765
0.0008280000000000145	0.18828683365152765
0.0008270000000000146	0.18828683365152765
0.0008260000000000147	0.18828683365152765
0.0008250000000000147	0.18828683365152765
0.0008240000000000148	0.18828683365152765
0.0008230000000000149	0.18828683365152765
0.000822000000000015	0.18828683365152765
0.0008210000000000151	0.18828683365152765
0.0008200000000000152	0.16518863561501065
0.0008190000000000152	0.16518863561501065
0.0008180000000000153	0.16518863561501065
0.0008170000000000154	0.16518863561501065
0.0008160000000000155	0.16518863561501065
0.0008150000000000156	0.16518863561501065
0.0008140000000000157	0.16518863561501065
0.0008130000000000157	0.16518863561501065
0.0008120000000000158	0.16518863561501065
0.0008110000000000159	0.16518863561501065
0.000810000000000016	0.16518863561501065
0.0008090000000000161	0.16518863561501065
0.0008080000000000162	0.16518863561501065
0.0008070000000000163	0.165191902633762
0.0008060000000000163	0.165191902633762
0.0008050000000000164	0.165191902633762
0.0008040000000000165	0.165191902633762
0.0008030000000000166	0.165191902633762
0.0008020000000000167	0.165191902633762
0.0008010000000000168	0.165191902633762
0.0008000000000000168	0.165191902633762
0.0007990000000000169	0.165191902633762
0.000798000000000017	0.16565343891474324
0.0007970000000000171	0.16565343891474324
0.0007960000000000172	0.16565343891474324
0.0007950000000000173	0.16565343891474324
0.0007940000000000173	0.16565343891474324
0.0007930000000000174	0.16565343891474324
0.0007920000000000175	0.16565508161350212
0.0007910000000000176	0.16565508161350212
0.0007900000000000177	0.16565508161350212
0.0007890000000000178	0.16565508161350212
0.0007880000000000179	0.16565508161350212
0.0007870000000000179	0.16565508161350212
0.000786000000000018	0.16565508161350212
0.0007850000000000181	0.16565508161350212
0.0007840000000000182	0.16565508161350212
0.0007830000000000183	0.16565508161350212
0.0007820000000000184	0.16565508161350212
0.0007810000000000184	0.16565508161350212
0.0007800000000000185	0.16562407820601802
0.0007790000000000186	0.16557757309479185
0.0007780000000000187	0.16558044655092222
0.0007770000000000188	0.16525878061613636
0.0007760000000000189	0.16525878061613636
0.000775000000000019	0.16525878061613636
0.000774000000000019	0.16525878061613636
0.0007730000000000191	0.16525878061613636
0.0007720000000000192	0.16525102962975596
0.0007710000000000193	0.16066632118575971
0.0007700000000000194	0.16066632118575971
0.0007690000000000195	0.16067349122865446
0.0007680000000000195	0.16067349122865446
0.0007670000000000196	0.16067349122865446
0.0007660000000000197	0.16071572779879476
0.0007650000000000198	0.16071185111384892
0.0007640000000000199	0.16071185111384892
0.00076300000000002	0.16071185111384892
0.00076200000000002	0.16071185111384892
0.0007610000000000201	0.16071185111384892
0.0007600000000000202	0.16071185111384892
0.0007590000000000203	0.16071185111384892
0.0007580000000000204	0.16071185111384892
0.0007570000000000205	0.16071185111384892
0.0007560000000000205	0.16071185111384892
0.0007550000000000206	0.16071185111384892
0.0007540000000000207	0.16071185111384892
0.0007530000000000208	0.16071185111384892
0.0007520000000000209	0.1607756449606434
0.000751000000000021	0.1607756449606434
0.000750000000000021	0.1607756449606434
0.0007490000000000211	0.16078083043540425
0.0007480000000000212	0.16078083043540425
0.0007470000000000213	0.16078083043540425
0.0007460000000000214	0.16078083043540425
0.0007450000000000215	0.16078083043540425
0.0007440000000000216	0.16078083043540425
0.0007430000000000216	0.16078083043540425
0.0007420000000000217	0.16078083043540425
0.0007410000000000218	0.16078083043540425
0.0007400000000000219	0.1607820271309283
0.000739000000000022	0.15098524498762636
0.0007380000000000221	0.15098524498762636
0.0007370000000000221	0.15098524498762636
0.0007360000000000222	0.1511592576595081
0.0007350000000000223	0.15133517721931378
0.0007340000000000224	0.15133517721931378
0.0007330000000000225	0.15133517721931378
0.0007320000000000226	0.1511680204605049
0.0007310000000000226	0.1511680204605049
0.0007300000000000227	0.1511680204605049
0.0007290000000000228	0.1511680204605049
0.0007280000000000229	0.1511680204605049
0.000727000000000023	0.1511680204605049
0.0007260000000000231	0.1511680204605049
0.0007250000000000232	0.1511680204605049
0.0007240000000000232	0.1511680204605049
0.0007230000000000233	0.1511680204605049
0.0007220000000000234	0.1511680204605049
0.0007210000000000235	0.1511680204605049
0.0007200000000000236	0.1511680204605049
0.0007190000000000237	0.1511680204605049
0.0007180000000000237	0.1511563583610531
0.0007170000000000238	0.1511563583610531
0.0007160000000000239	0.1511563583610531
0.000715000000000024	0.15110920454499
0.0007140000000000241	0.15110920454499
0.0007130000000000242	0.15110920454499
0.0007120000000000242	0.15110920454499
0.0007110000000000243	0.15110920454499
0.0007100000000000244	0.15110920454499
0.0007090000000000245	0.1522535393819256
0.0007080000000000246	0.1522535393819256
0.0007070000000000247	0.1522535393819256
0.0007060000000000248	0.1522535393819256
0.0007050000000000248	0.15221033017312266
0.0007040000000000249	0.15221033017312266
0.000703000000000025	0.15221033017312266
0.0007020000000000251	0.15221033017312266
0.0007010000000000252	0.15221033017312266
0.0007000000000000253	0.15221033017312266
0.0006990000000000253	0.15222065776405447
0.0006980000000000254	0.15222065776405447
0.0006970000000000255	0.15222065776405447
0.0006960000000000256	0.15222065776405447
0.0006950000000000257	0.15222065776405447
0.0006940000000000258	0.15083494012390794
0.0006930000000000258	0.15083494012390794
0.0006920000000000259	0.15083494012390794
0.000691000000000026	0.1508353191842674
0.0006900000000000261	0.1508353191842674
0.0006890000000000262	0.1508353191842674
0.0006880000000000263	0.1508353191842674
0.0006870000000000263	0.1508353191842674
0.0006860000000000264	0.15085768711821354
0.0006850000000000265	0.15085768711821354
0.0006840000000000266	0.15085768711821354
0.0006830000000000267	0.15085768711821354
0.0006820000000000268	0.15085768711821354
0.0006810000000000269	0.15085768711821354
0.0006800000000000269	0.1507280269105068
0.000679000000000027	0.1507280269105068
0.0006780000000000271	0.1507280269105068
0.0006770000000000272	0.1507280269105068
0.0006760000000000273	0.1507280269105068
0.0006750000000000274	0.1507284057593094
0.0006740000000000274	0.1507166184380728
0.0006730000000000275	0.1507166184380728
0.0006720000000000276	0.1507166184380728
0.0006710000000000277	0.1507166184380728
0.0006700000000000278	0.1507166184380728
0.0006690000000000279	0.1507166184380728
0.000668000000000028	0.1507166184380728
0.000667000000000028	0.15070483111683625
0.0006660000000000281	0.15070483111683625
0.0006650000000000282	0.15070483111683625
0.0006640000000000283	0.15093624813336312
0.0006630000000000284	0.15098908032424907
0.0006620000000000285	0.15098908032424907
0.0006610000000000285	0.15098514380635553
0.0006600000000000286	0.15098514380635553
0.0006590000000000287	0.15098514380635553
0.0006580000000000288	0.150985904231852
0.0006570000000000289	0.15098742510582402
0.000656000000000029	0.15098742510582402
0.000655000000000029	0.15097167879633575
0.0006540000000000291	0.15097205897996313
0.0006530000000000292	0.150842151599547
0.0006520000000000293	0.150842151599547
0.0006510000000000294	0.150842151599547
0.0006500000000000295	0.150842151599547
0.0006490000000000295	0.150842151599547
0.0006480000000000296	0.150842151599547
0.0006470000000000297	0.150842151599547
0.0006460000000000298	0.150842151599547
0.0006450000000000299	0.150842151599547
0.00064400000000003	0.150842151599547
0.00064300000000003	0.15084291131826574
0.0006420000000000301	0.15084291131826574
0.0006410000000000302	0.15083110149692966
0.0006400000000000303	0.15083110149692966
0.0006390000000000304	0.1508153550684816
0.0006380000000000305	0.1508153550684816
0.0006370000000000306	0.1508153550684816
0.0006360000000000306	0.1508153550684816
0.0006350000000000307	0.15082788924210283
0.0006340000000000308	0.15082788924210283
0.0006330000000000309	0.15082788924210283
0.000632000000000031	0.15082788924210283
0.0006310000000000311	0.15094763856941876
0.0006300000000000311	0.15094763856941876
0.0006290000000000312	0.15094763856941876
0.0006280000000000313	0.15094763856941876
0.0006270000000000314	0.15094763856941876
0.0006260000000000315	0.15094916041843698
0.0006250000000000316	0.15094916041843698
0.0006240000000000316	0.15094916041843698
0.0006230000000000317	0.15094916041843698
0.0006220000000000318	0.15094916041843698
0.0006210000000000319	0.15094916041843698
0.000620000000000032	0.15094916041843698
0.0006190000000000321	0.15094916041843698
0.0006180000000000322	0.15094954088548632
0.0006170000000000322	0.15094954088548632
0.0006160000000000323	0.15094954088548632
0.0006150000000000324	0.1509651416860195
0.0006140000000000325	0.1509651416860195
0.0006130000000000326	0.1509651416860195
0.0006120000000000327	0.1509651416860195
0.0006110000000000327	0.1509651416860195
0.0006100000000000328	0.1509651416860195
0.0006090000000000329	0.1509651416860195
0.000608000000000033	0.1509651416860195
0.0006070000000000331	0.1509651416860195
0.0006060000000000332	0.1509651416860195
0.0006050000000000332	0.1505080417294645
0.0006040000000000333	0.14830529280089347
0.0006030000000000334	0.1483105267710749
0.0006020000000000335	0.1483105267710749
0.0006010000000000336	0.1483105267710749
0.0006000000000000337	0.1483105267710749
0.0005990000000000338	0.1482711202117245
0.0005980000000000338	0.1482711202117245
0.0005970000000000339	0.14827224152681173
0.000596000000000034	0.1482744842078673
0.0005950000000000341	0.1482744842078673
0.0005940000000000342	0.14808926917683102
0.0005930000000000343	0.13186522060712422
0.0005920000000000343	0.13186522060712422
0.0005910000000000344	0.13186621787359043
0.0005900000000000345	0.13186621787359043
0.0005890000000000346	0.13186621787359043
0.0005880000000000347	0.13186621787359043
0.0005870000000000348	0.13186621787359043
0.0005860000000000348	0.13186621787359043
0.0005850000000000349	0.1318504547730138
0.000584000000000035	0.1318504547730138
0.0005830000000000351	0.13191197467650062
0.0005820000000000352	0.13170695875554964
0.0005810000000000353	0.13170695875554964
0.0005800000000000353	0.13170695875554964
0.0005790000000000354	0.13170695875554964
0.0005780000000000355	0.1316635900030408
0.0005770000000000356	0.1316635900030408
0.0005760000000000357	0.13167156013492956
0.0005750000000000358	0.13167156013492956
0.0005740000000000359	0.13167156013492956
0.0005730000000000359	0.13167156013492956
0.000572000000000036	0.13014173335450277
0.0005710000000000361	0.13014206160565256
0.0005700000000000362	0.13014206160565256
0.0005690000000000363	0.13014206160565256
0.0005680000000000364	0.13014206160565256
0.0005670000000000364	0.13014206160565256
0.0005660000000000365	0.13014206160565256
0.0005650000000000366	0.13014206160565256
0.0005640000000000367	0.1301381187431808
0.0005630000000000368	0.1301381187431808
0.0005620000000000369	0.1301381187431808
0.000561000000000037	0.13079561023357225
0.000560000000000037	0.13079561023357225
0.0005590000000000371	0.13079561023357225
0.0005580000000000372	0.13079561023357225
0.0005570000000000373	0.13079594180155166
0.0005560000000000374	0.13079594180155166
0.0005550000000000375	0.13079594180155166
0.0005540000000000375	0.13080191031265404
0.0005530000000000376	0.13080191031265404
0.0005520000000000377	0.13080224191257572
0.0005510000000000378	0.1311083609583593
0.0005500000000000379	0.13112235494850974
0.000549000000000038	0.13112235494850974
0.000548000000000038	0.13112235494850974
0.0005470000000000381	0.13112235494850974
0.0005460000000000382	0.13112235494850974
0.0005450000000000383	0.13112235494850974
0.0005440000000000384	0.13112235494850974
0.0005430000000000385	0.13112235494850974
0.0005420000000000385	0.13112235494850974
0.0005410000000000386	0.13123241176228972
0.0005400000000000387	0.13123241176228972
0.0005390000000000388	0.13368915797084224
0.0005380000000000389	0.13368915797084224
0.000537000000000039	0.13368915797084224
0.000536000000000039	0.13368915797084224
0.0005350000000000391	0.13368915797084224
0.0005340000000000392	0.13368915797084224
0.0005330000000000393	0.13368915797084224
0.0005320000000000394	0.13368915797084224
0.0005310000000000395	0.13368915797084224
0.0005300000000000396	0.13368915797084224
0.0005290000000000396	0.13368915797084224
0.0005280000000000397	0.13368915797084224
0.0005270000000000398	0.13368915797084224
0.0005260000000000399	0.13368915797084224
0.00052500000000004	0.13368915797084224
0.0005240000000000401	0.13368915797084224
0.0005230000000000401	0.13369504702532864
0.0005220000000000402	0.1336342875965769
0.0005210000000000403	0.1336342875965769
0.0005200000000000404	0.1336342875965769
0.0005190000000000405	0.13324137662398233
0.0005180000000000406	0.13306719959489402
0.0005170000000000406	0.13306719959489402
0.0005160000000000407	0.13306719959489402
0.0005150000000000408	0.13235023833562345
0.0005140000000000409	0.13235023833562345
0.000513000000000041	0.13235023833562345
0.0005120000000000411	0.13238522803110384
0.0005110000000000412	0.13238591428849994
0.0005100000000000412	0.13239003198229285
0.0005090000000000413	0.13239003198229285
0.0005080000000000414	0.13239380675996446
0.0005070000000000415	0.13238570283594167
0.0005060000000000416	0.13238570283594167
0.0005050000000000417	0.13238570283594167
0.0005040000000000417	0.13238570283594167
0.0005030000000000418	0.13238570283594167
0.0005020000000000419	0.13238570283594167
0.000501000000000042	0.13237354694990755
0.0005000000000000421	0.13237354694990755
0.0004990000000000422	0.13237354694990755
0.0004980000000000422	0.13237354694990755
0.0004970000000000423	0.13237354694990755
0.0004960000000000424	0.13237354694990755
0.0004950000000000425	0.13237354694990755
0.0004940000000000426	0.13237354694990755
0.0004930000000000427	0.13237354694990755
0.0004920000000000428	0.13239070511747286
0.0004910000000000428	0.13239070511747286
0.0004900000000000429	0.13239070511747286
0.000489000000000043	0.13239070511747286
0.0004880000000000431	0.13239070511747286
0.00048700000000004317	0.13239070511747286
0.00048600000000004326	0.13239070511747286
0.00048500000000004334	0.13239070511747286
0.0004840000000000434	0.13239070511747286
0.0004830000000000435	0.13239070511747286
0.0004820000000000436	0.13239070511747286
0.0004810000000000437	0.13239070511747286
0.00048000000000004376	0.13239070511747286
0.00047900000000004384	0.13239207796303626
0.00047800000000004393	0.13239207796303626
0.000477000000000044	0.13239207796303626
0.0004760000000000441	0.13239207796303626
0.0004750000000000442	0.13239207796303626
0.00047400000000004426	0.13240752443774262
0.00047300000000004435	0.13240752443774262
0.00047200000000004443	0.13237915342329268
0.0004710000000000445	0.1302432213354207
0.0004700000000000446	0.1302432213354207
0.0004690000000000447	0.1280748652310345
0.00046800000000004477	0.1280748652310345
0.00046700000000004485	0.1280748652310345
0.00046600000000004494	0.1280748652310345
0.000465000000000045	0.12807586142385025
0.0004640000000000451	0.12807586142385025
0.0004630000000000452	0.12846556180033206
0.0004620000000000453	0.12846556180033206
0.00046100000000004536	0.12832327399454058
0.00046000000000004544	0.12832327399454058
0.0004590000000000455	0.12832327399454058
0.0004580000000000456	0.12828668570162277
0.0004570000000000457	0.06977793996015505
0.0004560000000000458	0.06987752537873221
0.00045500000000004586	0.06987879929394819
0.00045400000000004595	0.06987879929394819
0.00045300000000004603	0.06987879929394819
0.0004520000000000461	0.06965895222089569
0.0004510000000000462	0.06965895222089569
0.0004500000000000463	0.06965895222089569
0.00044900000000004637	0.06968109232961364
0.00044800000000004645	0.06968109232961364
0.00044700000000004654	0.06968109232961364
0.0004460000000000466	0.06968109232961364
0.0004450000000000467	0.06968109232961364
0.0004440000000000468	0.06968109232961364
0.00044300000000004687	0.06967294725745354
0.00044200000000004696	0.06988687962501604
0.00044100000000004704	0.0698872448852259
0.0004400000000000471	0.0698872448852259
0.0004390000000000472	0.06988058315974184
0.0004380000000000473	0.06921462577813298
0.0004370000000000474	0.06921607299566693
0.00043600000000004746	0.06921607299566693
0.00043500000000004754	0.06921607299566693
0.00043400000000004763	0.06921607299566693
0.0004330000000000477	0.06921607299566693
0.0004320000000000478	0.06921607299566693
0.0004310000000000479	0.06921607299566693
0.00043000000000004797	0.06921607299566693
0.00042900000000004805	0.06922204340776614
0.00042800000000004813	0.06922204340776614
0.0004270000000000482	0.06922204340776614
0.0004260000000000483	0.06514091486323648
0.0004250000000000484	0.06514091486323648
0.00042400000000004847	0.06514091486323648
0.00042300000000004855	0.06514159595789583
0.00042200000000004864	0.06514159595789583
0.0004210000000000487	0.06514159595789583
0.0004200000000000488	0.06514159595789583
0.0004190000000000489	0.06514159595789583
0.000418000000000049	0.06511707898538628
0.00041700000000004906	0.06511707898538628
0.00041600000000004914	0.06511707898538628
0.0004150000000000492	0.06511724919719077
0.0004140000000000493	0.06511724919719077
0.0004130000000000494	0.06511724919719077
0.0004120000000000495	0.06511724919719077
0.00041100000000004956	0.06511724919719077
0.00041000000000004965	0.06504778426017067
0.00040900000000004973	0.06504778426017067
0.0004080000000000498	0.06504778426017067
0.0004070000000000499	0.06504778426017067
0.00040600000000005	0.06504778426017067
0.00040500000000005007	0.06504778426017067
0.00040400000000005015	0.06504778426017067
0.00040300000000005024	0.06504829435618852
0.0004020000000000503	0.06504846438997229
0.0004010000000000504	0.06504846438997229
0.0004000000000000505	0.06504846438997229
0.00039900000000005057	0.06504846438997229
0.00039800000000005066	0.06504846438997229
0.00039700000000005074	0.06504846438997229
0.0003960000000000508	0.06509883349376007
0.0003950000000000509	0.06509883349376007
0.000394000000000051	0.06481666630291458
0.0003930000000000511	0.06483820751739852
0.00039200000000005116	0.06639337100242944
0.00039100000000005125	0.06639337100242944
0.00039000000000005133	0.06639639559526124
0.0003890000000000514	0.06640226765044377
0.0003880000000000515	0.06640226765044377
0.0003870000000000516	0.06640226765044377
0.00038600000000005167	0.06640226765044377
0.00038500000000005175	0.06640226765044377
0.00038400000000005183	0.06455473452528
0.0003830000000000519	0.06455473452528
0.000382000000000052	0.06454216627272788
0.0003810000000000521	0.06454216627272788
0.00038000000000005217	0.06454216627272788
0.00037900000000005226	0.06454216627272788
0.00037800000000005234	0.06454216627272788
0.0003770000000000524	0.06454216627272788
0.0003760000000000525	0.06472442020207209
0.0003750000000000526	0.06472442020207209
0.0003740000000000527	0.06472442020207209
0.00037300000000005276	0.06472494212409718
0.00037200000000005284	0.06472494212409718
0.00037100000000005293	0.06419551193014521
0.000370000000000053	0.0641956844829547
0.0003690000000000531	0.0641956844829547
0.0003680000000000532	0.06419585703669184
0.00036700000000005326	0.064196374703469
0.00036600000000005335	0.059654138739700845
0.00036500000000005343	0.059654138739700845
0.0003640000000000535	0.0595785048383615
0.0003630000000000536	0.0595785048383615
0.0003620000000000537	0.0595785048383615
0.00036100000000005377	0.0595785048383615
0.00036000000000005385	0.0595785048383615
0.00035900000000005394	0.0595785048383615
0.000358000000000054	0.0595785048383615
0.0003570000000000541	0.059579786020761215
0.0003560000000000542	0.059579786020761215
0.0003550000000000543	0.059579786020761215
0.00035400000000005436	0.059579786020761215
0.00035300000000005444	0.059579786020761215
0.0003520000000000545	0.059579786020761215
0.0003510000000000546	0.05958330955649362
0.0003500000000000547	0.05957490511195501
0.0003490000000000548	0.0595806709833405
0.00034800000000005486	0.05955965783846382
0.00034700000000005495	0.059551412680449375
0.00034600000000005503	0.05966160515319598
0.0003450000000000551	0.05966160515319598
0.0003440000000000552	0.0596849148005906
0.0003430000000000553	0.0596849148005906
0.00034200000000005537	0.05936901017038282
0.00034100000000005545	0.05936917013861544
0.00034000000000005554	0.05936917013861544
0.0003390000000000556	0.05936917013861544
0.0003380000000000557	0.05940774763755287
0.0003370000000000558	0.05940774763755287
0.00033600000000005587	0.05940774763755287
0.00033500000000005596	0.05940774763755287
0.00033400000000005604	0.05940790781460804
0.0003330000000000561	0.05940790781460804
0.0003320000000000562	0.05940790781460804
0.0003310000000000563	0.05940790781460804
0.0003300000000000564	0.05940790781460804
0.00032900000000005646	0.05940790781460804
0.00032800000000005654	0.05940790781460804
0.00032700000000005663	0.059401560256625505
0.0003260000000000567	0.05940188059032602
0.0003250000000000568	0.05940188059032602
0.0003240000000000569	0.05940188059032602
0.00032300000000005697	0.05940188059032602
0.00032200000000005705	0.05932681056295153
0.00032100000000005713	0.05932681056295153
0.0003200000000000572	0.05932681056295153
0.0003190000000000573	0.05930995036812014
0.0003180000000000574	0.059311709562240925
0.00031700000000005747	0.05927846769793645
0.00031600000000005755	0.05927846769793645
0.00031500000000005764	0.05927846769793645
0.0003140000000000577	0.05886116212287454
0.0003130000000000578	0.057457497915848095
0.0003120000000000579	0.05742377625321683
0.000311000000000058	0.057429970601461856
0.00031000000000005806	0.057520249785568175
0.00030900000000005814	0.057520249785568175
0.00030800000000005823	0.057520249785568175
0.0003070000000000583	0.057520249785568175
0.0003060000000000584	0.05750336062758958
0.0003050000000000585	0.05750336062758958
0.00030400000000005856	0.05749913833809494
0.00030300000000005865	0.0564857888593798
0.00030200000000005873	0.0564857888593798
0.0003010000000000588	0.05650715654752306
0.0003000000000000589	0.05650715654752306
0.000299000000000059	0.056510057693984435
0.00029800000000005907	0.056510057693984435
0.00029700000000005915	0.05634954175794232
0.00029600000000005924	0.05634954175794232
0.0002950000000000593	0.056351978119551824
0.0002940000000000594	0.056351978119551824
0.0002930000000000595	0.05635289180947218
0.0002920000000000596	0.05635289180947218
0.00029100000000005966	0.05635289180947218
0.00029000000000005974	0.05635289180947218
0.0002890000000000598	0.05633599439063875
0.0002880000000000599	0.05633599439063875
0.00028700000000006	0.05637180496210095
0.0002860000000000601	0.05628723879804139
0.00028500000000006016	0.0562873910475134
0.00028400000000006025	0.0562873910475134
0.00028300000000006033	0.0562873910475134
0.0002820000000000604	0.051665306563524464
0.0002810000000000605	0.051665306563524464
0.0002800000000000606	0.05164402410077792
0.00027900000000006067	0.05164402410077792
0.00027800000000006075	0.05164402410077792
0.00027700000000006083	0.051656120334066136
0.0002760000000000609	0.051656120334066136
0.000275000000000061	0.051656120334066136
0.0002740000000000611	0.05165668308747626
0.00027300000000006117	0.051657808631081895
0.00027200000000006126	0.051657808631081895
0.00027100000000006134	0.051657808631081895
0.0002700000000000614	0.052037349400311815
0.0002690000000000615	0.052037349400311815
0.0002680000000000616	0.052037349400311815
0.0002670000000000617	0.0520376349910708
0.00026600000000006176	0.052038063383086995
0.00026500000000006184	0.051669151219955724
0.00026400000000006193	0.051669151219955724
0.000263000000000062	0.0516519925146938
0.0002620000000000621	0.0516714180730557
0.0002610000000000622	0.05166712678345574
0.00026000000000006226	0.05166712678345574
0.00025900000000006235	0.05167010546796632
0.00025800000000006243	0.0515156101360023
0.0002570000000000625	0.0515156101360023
0.0002560000000000626	0.0515156101360023
0.0002550000000000627	0.05071636174907672
0.00025400000000006277	0.05071636174907672
0.00025300000000006285	0.05068628341880106
0.00025200000000006294	0.05062612675824976
0.000251000000000063	0.05062612675824976
0.0002500000000000631	0.05062612675824976
0.0002490000000000632	0.050628631727618056
0.0002480000000000633	0.05060728525611524
0.00024700000000006336	0.05060728525611524
0.00024600000000006344	0.0506129895547423
0.0002450000000000635	0.0506129895547423
0.0002440000000000636	0.050647521037732644
0.0002430000000000637	0.050647521037732644
0.00024200000000006378	0.050647521037732644
0.00024100000000006386	0.050647521037732644
0.00024000000000006395	0.050647521037732644
0.00023900000000006403	0.050647521037732644
0.00023800000000006412	0.05064322049251419
0.0002370000000000642	0.05064377779071957
0.00023600000000006428	0.05064377779071957
0.00023500000000006437	0.05064377779071957
0.00023400000000006445	0.05064377779071957
0.00023300000000006454	0.05064628578443638
0.00023200000000006462	0.05064628578443638
0.0002310000000000647	0.05064628578443638
0.0002300000000000648	0.05064656446573852
0.00022900000000006487	0.05066621923024921
0.00022800000000006496	0.05065331173554041
0.00022700000000006504	0.05065512418321713
0.00022600000000006512	0.05061640031354509
0.0002250000000000652	0.05061640031354509
0.0002240000000000653	0.05025497752993936
0.00022300000000006538	0.04992367331163411
0.00022200000000006546	0.04992367331163411
0.00022100000000006555	0.04992367331163411
0.00022000000000006563	0.04992367331163411
0.0002190000000000657	0.04992367331163411
0.0002180000000000658	0.04992459236531368
0.00021700000000006588	0.0470588558024808
0.00021600000000006597	0.0470588558024808
0.00021500000000006605	0.0470588558024808
0.00021400000000006613	0.03927021928067299
0.00021300000000006622	0.03927021928067299
0.0002120000000000663	0.03927032738060577
0.00021100000000006639	0.03927065168397497
0.00021000000000006647	0.039501720120627005
0.00020900000000006655	0.039501720120627005
0.00020800000000006664	0.03953006932817291
0.00020700000000006672	0.03850220228576263
0.0002060000000000668	0.03850220228576263
0.0002050000000000669	0.03850220228576263
0.00020400000000006697	0.03850262926370561
0.00020300000000006706	0.03848984089577494
0.00020200000000006714	0.03848984089577494
0.00020100000000006723	0.03849645810321284
0.0002000000000000673	0.03849645810321284
0.0001990000000000674	0.03851055393279801
0.00019800000000006748	0.03847586364662951
0.00019700000000006756	0.03841515564583465
0.00019600000000006765	0.03841515564583465
0.00019500000000006773	0.03841515564583465
0.00019400000000006782	0.038423469207309636
0.0001930000000000679	0.038267329136030356
0.00019200000000006798	0.03825431746342375
0.00019100000000006807	0.03825431746342375
0.00019000000000006815	0.03825431746342375
0.00018900000000006824	0.038247871534728875
0.00018800000000006832	0.037657974672773424
0.0001870000000000684	0.037658288143540435
0.0001860000000000685	0.037658288143540435
0.00018500000000006857	0.037658288143540435
0.00018400000000006866	0.037658288143540435
0.00018300000000006874	0.037658288143540435
0.00018200000000006883	0.03765395063050847
0.0001810000000000689	0.03765395063050847
0.000180000000000069	0.037632263065348635
0.00017900000000006908	0.037632576324695896
0.00017800000000006916	0.037632576324695896
0.00017700000000006925	0.037632576324695896
0.00017600000000006933	0.0376282387755575
0.00017500000000006941	0.037682714416692194
0.0001740000000000695	0.03763927612918016
0.00017300000000006958	0.037650889250216674
0.00017200000000006967	0.03765580867752652
0.00017100000000006975	0.03765580867752652
0.00017000000000006983	0.03768744930883538
0.00016900000000006992	0.03768744930883538
0.00016800000000007	0.03768744930883538
0.0001670000000000701	0.036935005139137916
0.00016600000000007017	0.035377924140573225
0.00016500000000007026	0.035377924140573225
0.00016400000000007034	0.035369520591434514
0.00016300000000007042	0.03541881257416774
0.0001620000000000705	0.03541881257416774
0.0001610000000000706	0.03541881257416774
0.00016000000000007068	0.03541881257416774
0.00015900000000007076	0.03541881257416774
0.00015800000000007084	0.034913203140423774
0.00015700000000007093	0.03491339783655971
0.000156000000000071	0.03491339783655971
0.0001550000000000711	0.03491339783655971
0.00015400000000007118	0.03491339783655971
0.00015300000000007126	0.03485015473169322
0.00015200000000007135	0.034855500354284995
0.00015100000000007143	0.03485627803600688
0.00015000000000007152	0.02813391103625594
0.0001490000000000716	0.02813391103625594
0.00014800000000007169	0.028158185198397384
0.00014700000000007177	0.028158185198397384
0.00014600000000007185	0.028123265731402006
0.00014500000000007194	0.028123265731402006
0.00014400000000007202	0.028123265731402006
0.0001430000000000721	0.02787017741643205
0.0001420000000000722	0.049460619018248886
0.00014100000000007227	0.049460619018248886
0.00014000000000007236	0.049460619018248886
0.00013900000000007244	0.04955885213331435
0.00013800000000007253	0.04956746609905169
0.0001370000000000726	0.04956746609905169
0.0001360000000000727	0.04954417676494093
0.00013500000000007278	0.046928008233166396
0.00013400000000007286	0.04690270218997196
0.00013300000000007295	0.04617275947377041
0.00013200000000007303	0.04617275947377041
0.00013100000000007312	0.046164994125725715
0.0001300000000000732	0.04625023085574878
0.00012900000000007328	0.046251611933756334
0.00012800000000007337	0.046251611933756334
0.00012700000000007345	0.046252762895103626
0.00012600000000007354	0.04539695062959288
0.00012500000000007362	0.04549000175648495
0.0001240000000000737	0.045493178099867734
0.0001230000000000738	0.04522029699729783
0.00012200000000007387	0.04522029699729783
0.00012100000000007396	0.04520470379143669
0.00012000000000007404	0.04520470379143669
0.00011900000000007412	0.04507778218467925
0.00011800000000007421	0.04507823189668364
0.00011700000000007429	0.04504771540282149
0.00011600000000007438	0.04504771540282149
0.00011500000000007446	0.04504771540282149
0.00011400000000007455	0.04504771540282149
0.00011300000000007463	0.04526538193907496
0.00011200000000007471	0.04526560882639634
0.0001110000000000748	0.044020536154100266
0.00011000000000007488	0.04399702509687002
0.00010900000000007497	0.04399702509687002
0.00010800000000007505	0.04206911840398971
0.00010700000000007513	0.0420727041398276
0.00010600000000007522	0.041704332847992305
0.0001050000000000753	0.041761494482455634
0.00010400000000007539	0.03759397830689015
0.00010300000000007547	0.03759397830689015
0.00010200000000007555	0.03759397830689015
0.00010100000000007564	0.03759397830689015
0.00010000000000007572	0.03759397830689015
9.900000000007581e-05	0.03757363997378446
9.800000000007589e-05	0.03757401729872219
9.700000000007598e-05	0.037581754130380195
9.600000000007606e-05	0.03247121401255271
9.500000000007614e-05	0.03247121401255271
9.400000000007623e-05	0.03247137736753851
9.300000000007631e-05	0.03233768557406596
9.20000000000764e-05	0.031956679334999724
9.100000000007648e-05	0.03177251530873361
9.000000000007656e-05	0.031741444149160095
8.900000000007665e-05	0.031742725538041264
8.800000000007673e-05	0.03176773331623732
8.700000000007682e-05	0.03092395178928337
8.60000000000769e-05	0.03092395178928337
8.500000000007698e-05	0.03092395178928337
8.400000000007707e-05	0.030907135383319545
8.300000000007715e-05	0.030859756024019618
8.200000000007724e-05	0.030860223690558672
8.100000000007732e-05	0.030864589261882847
8.00000000000774e-05	0.03080514212820876
7.900000000007749e-05	0.03078950019423858
7.800000000007757e-05	0.0305130423936233
7.700000000007766e-05	0.03013390026706521
7.600000000007774e-05	0.03013390026706521
7.500000000007783e-05	0.030134052530767508
7.400000000007791e-05	0.03015777270476477
7.3000000000078e-05	0.030334962696465132
7.200000000007808e-05	0.027483359245417893
7.100000000007816e-05	0.027286536253446042
7.000000000007825e-05	0.0271909886762618
6.900000000007833e-05	0.026593895976997833
6.800000000007841e-05	0.026593895976997833
6.70000000000785e-05	0.02641048979784612
6.600000000007858e-05	0.02636264470763263
6.500000000007867e-05	0.026363720580251142
6.400000000007875e-05	0.025926445276839193
6.300000000007883e-05	0.025931736982087093
6.200000000007892e-05	0.025954250849176054
6.1000000000079e-05	0.025779009541244922
6.000000000007909e-05	0.02573110800601808
5.900000000007917e-05	0.025702263387487143
5.8000000000079256e-05	0.025678418676451452
5.700000000007934e-05	0.025512281493512954
5.6000000000079424e-05	0.025911583654385815
5.500000000007951e-05	0.02504046732951613
5.400000000007959e-05	0.022937623889398673
5.3000000000079676e-05	0.022240369665001106
5.200000000007976e-05	0.02221032889126115
5.1000000000079844e-05	0.022211715058640488
5.000000000007993e-05	0.02219545465230181
4.900000000008001e-05	0.02200868890988024
4.80000000000801e-05	0.014705296362591172
4.700000000008018e-05	0.014624747991340675
4.6000000000080265e-05	0.0145984732294825
4.500000000008035e-05	0.01459908221285278
4.400000000008043e-05	0.013222743794193149
4.300000000008052e-05	0.013229781021852264
4.20000000000806e-05	0.01331901225366834
4.1000000000080685e-05	0.01306445653242067
4.000000000008077e-05	0.012876201346893136
3.9000000000080854e-05	0.012880734863224316
3.800000000008094e-05	0.012887710528293888
3.700000000008102e-05	0.012889743696412905
3.6000000000081106e-05	0.012486861083510534
3.500000000008119e-05	0.012264827302658233
3.4000000000081274e-05	0.011099376799872773
3.300000000008136e-05	0.011099844181412266
3.200000000008144e-05	0.0111012789951771
3.1000000000081527e-05	0.011018802925376379
3.000000000008161e-05	0.010370267308485124
2.9000000000081695e-05	0.01037153127153907
2.800000000008178e-05	0.010315238039191975
2.7000000000081863e-05	0.009478871686344217
2.6000000000081947e-05	0.009479072657857912
2.500000000008203e-05	0.009365750757530657
2.4000000000082115e-05	0.00918221642407347
2.30000000000822e-05	0.009174109131384727
2.2000000000082284e-05	0.00807169559364041
2.1000000000082368e-05	0.007610136335283726
2.0000000000082452e-05	0.0073211458472528905
1.9000000000082536e-05	0.007321242393865262
1.800000000008262e-05	0.007215046022729981
1.7000000000082704e-05	0.010837699255701315
1.6000000000082788e-05	0.00805077792955264
1.5000000000082872e-05	0.007795577916949549
1.4000000000082957e-05	0.007822425089514
1.300000000008304e-05	0.006658214167575798
1.2000000000083125e-05	0.006049759449463349
1.1000000000083209e-05	0.005697705647596627
1.0000000000083293e-05	0.005125973230974005
9.000000000083377e-06	0.004934970207614512
8.000000000083461e-06	0.004311109900386761
7.000000000083545e-06	0.004186720615576455
6.000000000083629e-06	0.00315816718106071
5.0000000000837135e-06	0.002776058942935033
4.000000000083798e-06	0.0019316528259338379
3.0000000000838817e-06	0.0014188275210063098
2.000000000083966e-06	0.0024082574730635736
1.00000000008405e-06	0.0005948458942834472
